"id","created_at","updated_at","deleted_at","proof_info","cex_asset_list_commitments","account_tree_roots","batch_commitment","batch_number"
1,"2023-08-22 03:00:47.194","2023-08-22 03:00:47.194","","MFKmZOZhjfsJcidmALgTl3PMPIAf67CeLNQCakdc/4EXdmGnhK/i6ORYZs3q+fMixb0Z2BwsasZ44WBSug54wwSCUrqaw8gAT6VyAElYvjQe/LsNqiWkD5PRqUDQhNFAFQdrmotbRoV4hefM4kXzZmYhyN781/hApqEr3fBso3MNCSOCmJqVEks3si9lhzL7kqgu1XXisH0wJ449XOtjMhgCwK26KK5y03X0FQU83MhC/0JTb956d5vF6rkPaKJxJKZ4g3bLX4r1+0MHEspOA/og6BGIRIgx2pm9H6ucYO4cG03OmfWvkZXozRkVswE6W/JIFdJcC5Z3K4SvwyjQrA==","[""EwdxN1XimXB/p/2ZeGH2e6tbA8hxeuAdjqF/NjTmkGE="",""KIuvBihGOi+wRbA7KqD7DAcM60ovwNlLLhB08JvjXZE=""]","[""CAMKVha90kipg90fmU9Vc2HHQsxK2qJhgnX7w1qb3CQ="",""HISODeM3lErvxcsnnfq9+o8IrG/OgKpOEGW6Jfb7/W4=""]","K2tGKDSsCPCcaoj8g9KJzD0XQ+QGElHmPu5S8shseoA=",0
2,"2023-08-22 03:00:50.435","2023-08-22 03:00:50.435","","HVPmxtJuZhSl9gAOxQxrhyrA8jw/JzMklISx+IUepiIcaz7mo3cbGgdLXxaD824AiyZ48VO0p+FcB8ybeItzFABLKfFn9x+dTZdVYQzpCRfRbYY36PQuoiUADOL5cWdxDpKyKZ5Vtxykf4muKmFRmsG+vqFn7DyYt3YEHzASlqQvJCRWFjY33r2WB++UU8kGlvwrVH72rzd4V+4LdYeN7SFCELJ59Ury+jYHNKyOQDXoq1Ok0mqkA0L8GrBiAfXqKaPl+DXKIn9fVrTIxdxvMTSzU+BP62WyWAE6icHn/xIMmSSkTXNDg73Vkwx111amN2ZBNPmfJZITB5U1w68XPQ==","[""KIuvBihGOi+wRbA7KqD7DAcM60ovwNlLLhB08JvjXZE="",""FWGakQjl3ZdYNrKXHuU7AGRf114+L8WPBj3L5kcy4e0=""]","[""HISODeM3lErvxcsnnfq9+o8IrG/OgKpOEGW6Jfb7/W4="",""CNWhtctaB6yO5hPziwcf1M2Z7g+6zvhyYVF8sLTrJog=""]","JfEZEuuhGjY/MlivCH1OLM5LP4O5aGo8XrznVnS+PJg=",1
3,"2023-08-22 03:00:53.638","2023-08-22 03:00:53.638","","A2j6VYCgquu7VJ2Rkw2na2VGE8JaYjTm0MCig473iOsb9J1vet81LKsNd8N/mGxQBeOq732ovKZQZHAxpRSGLgoqOliTJxMruEnOFfPbU3DSvUbJR80emkV06fcGseAuFd4ax76ou1QZIcWubr6HYuYKNbrb3CzWt8EpsnFKQuwHH05ohIDpGvzGoRa/49ggrDZzpEbKVwDRMu+2TqqrIw4m0ybB9kZe/v46wXjSKggo52OW1DbxEpkLBSt257BvFLqaxR4N6UCfKNd7cr2mb55H4/3leamFoKXXJd1EiUoJPU76V+R+3gtOljxnH1kkl5hsTzhATrIlDNgTwnQoMQ==","[""FWGakQjl3ZdYNrKXHuU7AGRf114+L8WPBj3L5kcy4e0="",""ChqpkOCaRRdIqKVZ8b1Fmh0clwsY1FuaGcGgqL0sbLU=""]","[""CNWhtctaB6yO5hPziwcf1M2Z7g+6zvhyYVF8sLTrJog="",""EjNiNYmxp40ki6ZQJft57SOmY/ohOXVAAiEVsKEvYiU=""]","HzOAnc5pDCTaQGbyk0BoP2Ih7F3jf3XHwHi2Ed7wmik=",2
4,"2023-08-22 03:00:56.857","2023-08-22 03:00:56.857","","F9U583RlZnRWlEprlgF53vgbJ/Wth5YlhDIV3T29cVYriH5GqpNjSVoJxG+FrqnTzuRBls/SU0ijri4jlgYSciqxg4I/HMHNztUAAw4aMilETbx0Y27Q4TQ7ZKbkemOkAprW9YhTTbwhtdY84ugNFfSr3BRf1IMEI2lgGnMubgYkVHHsdUl2N4kbIXuYGba0fEcCGqlKo+d168xATnHP/goxFBceuUYe/1EMOuIvNn+xA22nwl+9LXoxISjwLGlSJXngbzjiSGt3K4jV3PQ2QxwApum8t+C4VVGMLMDaTMMaF0p+XGnjY+DNabYoBAlJQ8xO8zOGjI+4TsjHvoEDNQ==","[""ChqpkOCaRRdIqKVZ8b1Fmh0clwsY1FuaGcGgqL0sbLU="",""GC2IwPywPGNSQcdhFx8LzdsNRoud41+4vAuezShjn5Q=""]","[""EjNiNYmxp40ki6ZQJft57SOmY/ohOXVAAiEVsKEvYiU="",""Fgji/JbWf51Cnr6Kg+uQbHTS8ES5Cqh3R6I3CsPlP+c=""]","CeqcAeiLUvIS7Ugt+VMPZ6/1Bg9HQCpLmbRk9QDBqko=",3
5,"2023-08-22 03:01:00.206","2023-08-22 03:01:00.206","","JRIhMZEegRsg3p91QxeckNi8tJ8//A+tjz7EpRrMOHku/+X6L+eO1K+tZo189Il5a6sgXPmxVE41tBS8GOt0Dyvs1IptQNKx8U69SoMVJdEPn1mUgs2lzY/jhVAgnT+iDPEIVkJFqZl8rz3uZaMzzkey+14MSEMZKzgRBd/t9fMuxmN31nsWui+Gp+TbUy1FKx1966ePsnZNbcDMDCTywSC0W7KGAHXsjCp/2uS1H06abQAdXTfZ+rEfTQCZSTBbBltV3p7UTlQErV42YBTvedJpeZd0eZz30JxSKILIINcZ23gtS9qHtJan7YvDVGJGcHSdQDYXgUskvDLhqqEYqw==","[""GC2IwPywPGNSQcdhFx8LzdsNRoud41+4vAuezShjn5Q="",""JvDWw5FjbvZLH+EnSMljp+Xo1Pc10WgPzpR5C7UOGHY=""]","[""Fgji/JbWf51Cnr6Kg+uQbHTS8ES5Cqh3R6I3CsPlP+c="",""CI5pI9gnPTrVgVpIq0A6JSNBNkGeL+cLn8hkiGFIuWs=""]","FngSlFdHcNiff4SdNNUGvhDaFBHwJO6Jp4yZ5DePhyA=",4
6,"2023-08-22 03:01:03.455","2023-08-22 03:01:03.455","","FkXggcxz82/FqBUe76hTzt4LTg7uHuWpvi81RmiGK2oRKWf4BU3ytvxj10SR0wmNA6BBxKku8N9KCpDNKCCoEhWuYb8Bb4ww5hm/3OOxYs3V/m+H2UJsiZz8pr8pY1hXD883p5/960SVDdCHAu8V+x7l3MivMumDxglS0H1E4N8r/hMyHHLtYMWgyt+W0I5tLcljHGqTkz48PfWzwxh8JAHShOT5RyRaQt7HJpRmB8DWtSbqlBA5OaZ3NLQJnYPPBh0yhNhHfmygp+kVHpQ8AVBXVZeSIjmPPuD7I2iOETgaQ1pfmdxxXrfMLM81Sq6O++Y+Er3Hh5say74bd6BBow==","[""JvDWw5FjbvZLH+EnSMljp+Xo1Pc10WgPzpR5C7UOGHY="",""EPFMsLVR7r+1Uh2SS8t578JvyHg5yujcPKbJmwcgvow=""]","[""CI5pI9gnPTrVgVpIq0A6JSNBNkGeL+cLn8hkiGFIuWs="",""AOapJ2yHtCAq7feYfn4dZBl2DrEkIGkgMyl/jgjQ8J8=""]","LrBcInxwESpc1yJwsns/YF+BjZfw43QIDeAfX3TMric=",5
7,"2023-08-22 03:01:06.820","2023-08-22 03:01:06.820","","JQCCOuwifwA9Qyg68Zk0EOfjNaFD4yv0/0hiGMRNR74jgEvY7fcDKdSRqQ23gB811exaMuoj9h5DxYtfvcpJ+xKsNrjRr0pyX2E1ssAe3NlmbjDbcVf2PRIaxmVJKgUtBCeLcA4NuDKU0kNhlqhpEb6SlyrDuxXFIWfiXC/7ehwVN40eiR5J+Nj+DZoBuyeT8abd4fUz6LEIq3M9eI1HlArTLT6cU7uZp1bgZ5hZA3YVXoKuncz2HdvQ0BrAmigxEdPeg+VCxds38kYCQ4QzHZBAw/sVbXD0rfbzrtuI5nMg0B8/PoV4Qt5KXXfjbdWDKEIACmSPyb1SzAZ8kbf6FQ==","[""EPFMsLVR7r+1Uh2SS8t578JvyHg5yujcPKbJmwcgvow="",""Hr1jAMFb/UKfs6qdAjAWIvRp5WTCD4Dnts0bu3BHkkA=""]","[""AOapJ2yHtCAq7feYfn4dZBl2DrEkIGkgMyl/jgjQ8J8="",""AWot46QPYKGP6tVUv0olEe0LuIctyZrUyHV/1ai04B8=""]","CiI2Ag8RXli3QWKqDeGrPtBk/L1xdgzFn6dvMTjz7u4=",6
8,"2023-08-22 03:01:10.169","2023-08-22 03:01:10.169","","GRYWihOqybjhJbNIfXCL287b/i4g/BUBgDuEkc4/R9wHsra3159/K5lgLgBPxniFWH3f73DeIqYnOoW0Kgp/6SzcgaTgukoHVVFBzUM5QK2D+xody5IOqbQFOLXjpR70HC54TyymZSkUiSMqjPjeoXVt2LbCXMK95XyN1qlsDzUT91v8On+BG9k0fRbW5Y47mjfC+bUbGqEImPDMRfdCvQOjY/3/wJZRdHa+4H0QJVMrfRlHRlupKpVjc2cSspRIIEyPc1k8rPlF4UvfMt9LbsDH6W6VCT2JWjt3rBkJ468PA7CJb9qWtH7iWALZUGYp/DwYI39bkj+sk+8j/gqsqw==","[""Hr1jAMFb/UKfs6qdAjAWIvRp5WTCD4Dnts0bu3BHkkA="",""HrEpiPehi66F87npDVQXco4Gnmrj+T9QHwuY90ZEoRU=""]","[""AWot46QPYKGP6tVUv0olEe0LuIctyZrUyHV/1ai04B8="",""FDfSUPNjUKoYWqZmYgwEmph4MsqgmL4xDDRD13JQ/bk=""]","AwLfjjq31XqIio6YoHXgj/1JQp/Qtl+XRLyAj9jyC5g=",7
9,"2023-08-22 03:01:13.463","2023-08-22 03:01:13.463","","CfaEv0ayE0uKPb7tZ61sFTVM96Gn+ZB5yxLClTQYwpYHAmWlgH2WE6yRVMJRQkP3e2y2xVP0Xs5DLfteEe5RpRmvk4baDVlUPzHSjWpf394TK5qdIcFS7/OFV2VHg51HKKGNSMmKCJQ02GOSySSa38ZhcGN2Ax+AKgbfoeT6NVcAtngN8UBA9d5w4OMkdNxHmybhd1vsBy0MIwHa9f77URp/Zfi+dQ7bh9KZtfgdVIOETujHNvv7NnPiVugcF7vABfINBl4xXG3OqtQAOkFjmO117+7p++45g06jSEpa6F0Bih2Wcgt3DzY1h/qEQtFSw7J612EHF3Oj0oSRbqayWg==","[""HrEpiPehi66F87npDVQXco4Gnmrj+T9QHwuY90ZEoRU="",""LkXi9GH4GZSBXbBXhMjrouGpIT8aNHOyHx4+tgE4Ftk=""]","[""FDfSUPNjUKoYWqZmYgwEmph4MsqgmL4xDDRD13JQ/bk="",""DCLQWdQG9DOaneNY8ipg1IlaqG/wmmnNuMdl+JnHxTs=""]","CoJS2qIm+zr8MtUcg4SiJLev4y2+m0+Fy7f0kb+kc04=",8
10,"2023-08-22 03:01:16.623","2023-08-22 03:01:16.623","","DIIDeJwKEMSs7gl7/nBRSLee0kcWTGukq1ru1RYpOCcK6w9IlPa7SGObtX31FC8i1I311AwfXKVXXAZqmo7JCSxQPY0qkLD2ZSkwoMe4haz/FfMK0s28L1hU11GF5Fo7LgTclJKhcKso+2ZYjGR6AxbHAbcYGkuuXjt3VbO6Wt8QLqSEJ0rfBfiBbHCHt4WLOQPoUj5xsQ/yqkyV8qvNBihRdQ/ah+g42KiiGNdDNiiqqSi/NQZqTDzRG98sNVV5DJ0ohFshrEkiuB2YUy3DMPJZf/i+0yJmcoB7pf8zzp0gJpCHjLshp0lKwx/kQGeaxbqfHUVKCiZHVoTllc0cKA==","[""LkXi9GH4GZSBXbBXhMjrouGpIT8aNHOyHx4+tgE4Ftk="",""JjRjnAr8h34F5MO5bJxmUyIUN1pl7xqIypnsfRYgryw=""]","[""DCLQWdQG9DOaneNY8ipg1IlaqG/wmmnNuMdl+JnHxTs="",""Agcyv4GRlOkbn9uGjTaZS5z8xeSmxJlDLj7n6irMB94=""]","JZDaVd6WoLVLvrGHAPzUsYdRSCJjIisCZS5rpWlJ7xg=",9
11,"2023-08-22 03:01:19.872","2023-08-22 03:01:19.872","","AFRD432AhkPNTJHwjnPDUpTV6FpjNKiJoFKNcRb4lIwNamNRJans0+zoz2RkwNgP+KLfbx0oFP1+bEdnPBAxXBJs6fOdCJkE35c+vLOLnIKXf7Ir7jHwXSZ4nVQcMeVKAYA0zjwB8qA6ieXJBuPSfloTAFAtzSS9BvsVXmG3EUki1grCnCyv9XHCU3d2nX9d3vFwPGItMopFZM4Y6nk7YRBPLmIaQCxqbRFcz7oDUnLIycWKjfEPeKZb8u1XBLM5KeYokErQn/ZCVu1ZN411Gajk1esCjjZIkftVpe8i6EUBTDBTnPM6k504I2ur9YYN+HNVwQV2mEpntk+4DeMk1w==","[""JjRjnAr8h34F5MO5bJxmUyIUN1pl7xqIypnsfRYgryw="",""DTB8FvGAL7DP36uUauArz8tTd4yeVLITxIVkUM2+J+I=""]","[""Agcyv4GRlOkbn9uGjTaZS5z8xeSmxJlDLj7n6irMB94="",""Axeqf+Zu3nPpMQ96RRCuBF8USLFbR5xwhIE9BaaOUrU=""]","EAOoSLyJILwby7242LzB1xeGJoTKWZhaNks0wcMkYjc=",10
12,"2023-08-22 03:01:23.408","2023-08-22 03:01:23.408","","Be4AxAyEoK+V2R6PblahctybNWK3hX+xDa19o0C20XkSzhUDuZXrwSETeLwDjHRa2lnPW3EgNpXBZPWIydmzFByq+chTL5FQYsu5s9XTixU7IeeuFyg+GfGosOxM4AixHJ4FCpYAJk6f5hpUSdiOvBtsHqMiOPflEXIhauwUH/ctFzjZMWsTRN6tgkYfDSCgHvlgBVxJAnhVJ9g6xUAC9gYOLBUo/RPqTZbjvRfh2kx2KUQ9VU9RDxmG0UCnN1KWBpRh00+mhOLmC78oAibKKuOrlhCGSLHHp+3eTKHRLgUsRIMei2r6CHt/UEEkKHq5LxMTjKP4E+taDGE7qWlryQ==","[""DTB8FvGAL7DP36uUauArz8tTd4yeVLITxIVkUM2+J+I="",""JzwdKXvbcow+M73uXSBylfGiZtA2WSOwwd6IDhwQGHA=""]","[""Axeqf+Zu3nPpMQ96RRCuBF8USLFbR5xwhIE9BaaOUrU="",""JtWO1YHl9b3fRIrUKYte95Y9R/zzpb2pIABpTT/OM0U=""]","EuC1zN86El7R07YJ5j9zwgoqv+1OVX8Z1C+sk54C4zc=",11
13,"2023-08-22 03:01:26.826","2023-08-22 03:01:26.826","","I3ZirnBK0156mP1kqFOEubuQKUgAF0b8pAsAPs7GFsYRmQDcV/2rte0y0lyZ4vuOawMLrs40Yz/g6ehMyxocNyod8a/Er/mQV3A/emupS1g6bLKxQsLpQQCZbQthtt1aLUvw7LcCAF7Hp+wWYgwzm4tzJphfQT+TeWp3V+TieDoqlWoexW/fgL6pvpAsZKOz6GWREqZDl4jc49MBfFw5TBCgCLt9jhmNVhE30cDloahVXE99Qbxl00Gn99YI5Sz5GPfoblM/e5GHodXQufRDKKhuXhQO6K/Mz0/89gLVKxYC8VzWDmMvmlhK4flPVVI3b32SbnBhMicvHviTD+cF9Q==","[""JzwdKXvbcow+M73uXSBylfGiZtA2WSOwwd6IDhwQGHA="",""KF85gTTqStFNl3fSv9LuKJxCEw9wSHfVZ5E32ib2tVA=""]","[""JtWO1YHl9b3fRIrUKYte95Y9R/zzpb2pIABpTT/OM0U="",""LnRB8i2MOrQrA8DMll3YTk+N1f8Ezo824OqTE3SLRcs=""]","BuxDIKJvG2PQVepoUckrD3diPDxtQZUB5vHXODriG9s=",12
14,"2023-08-22 03:01:30.316","2023-08-22 03:01:30.316","","EZjILnHTiK7ESuNdCSKl7vdrW9bwIrSFvU437NfF6Lkl/zPQX4VMG+BvMMyDhriAd7hCQeujly+Kne07xNjrPxJBPB4pa7B+TRsuaXZ3HRcVz3wkK2pQPLmJPP9Wi6c+JGRoaT70cDlIhYXwsyBEfd6Fmrmw9OaeudO/kDgqjnkmdhoVPA/Sbhp/icxNtfCzi/2sCzAROacHqSeO1NvEJwHY2yWr967KeAo9zGtxyutX3icqMmyCTsLO3tpRgdz7BT8yM22bf742qG9LaTd1zrjLeTxLntwYAyzR7FBArDgDdXRV8qX8zuBG1cr0ATu3a/HmQl/m7+1H6itwFdztow==","[""KF85gTTqStFNl3fSv9LuKJxCEw9wSHfVZ5E32ib2tVA="",""Iwtf8F38+hcIqxxJai/03Z8PLDiZnruymOV5U25ueG0=""]","[""LnRB8i2MOrQrA8DMll3YTk+N1f8Ezo824OqTE3SLRcs="",""IjoopIdTJ6m9eSr6aysXAIzGkOco+9BuCcOfha5bXJI=""]","GTpGFoOb8srgC2sJlv4aOk5xO3IYFPKZjz5dqgYm1lA=",13
15,"2023-08-22 03:01:33.849","2023-08-22 03:01:33.849","","JwzheCjowK336s9O+dKC+OCFzVApM+esUmS8R5IIww4KspE92cMWVX6RZm6zHWth1PHzyCiteMYmVHWq2HhfwQehJRu4IGXufRd+VyF4+kRjRsqzKsoQn3IwxDgEIrBXAv1quDCUH3PCG+k1nUNY+Q/xBqnIFCeBr9xu3aCjC6khP0ZGtA57TQ6dsIpQQjyinZQi5pk/XhTbkOln1iIS0BjwV7GYT2uFA5YZTZTnECI7x3XWLUMDMXJ7sfH2vFrXDv3rF9Kao+nZpIPJ6W5+4G89AdBClbOaOcYgcS7B8xcoxRUJ8V00iEmDadaEeGmGEp6OVE0SNALyHc6SDbsxoQ==","[""Iwtf8F38+hcIqxxJai/03Z8PLDiZnruymOV5U25ueG0="",""FdNA1IqzCs3GKKD+SbjDOAlURaqYAZ7TXN+KJsjbtZ8=""]","[""IjoopIdTJ6m9eSr6aysXAIzGkOco+9BuCcOfha5bXJI="",""DJSy8IX1T8fK5mUNS+Xr/dxbCN2MtfaRuggChv+0Sy8=""]","F2iEUiDKiF3k1Ofp/4GRHAfOrFsiz9JEXTNIFe3h+r0=",14
16,"2023-08-22 03:01:37.229","2023-08-22 03:01:37.229","","B88C3a3jLI56lEbAqASpVjU/jqWGm3DuEmWnMte515ct/mMbv/7Nj06ChcKpx+v7k1FoQ6VK59WaDwOC0+mQChnoVVjVONRkm7j7pzBKrrpPv/VC+33z5TeyNfNy/zaLCEw9w9YvcVNi8oYL1R8sOgo8qnJt24Dfh7kk4IXx1XIafKDE4ifR/KAmm/DTfOOZGTglzeTbWdUQFkQEGr9HtxAz5VvGSrIkEY8ozYWdW7u9WvOLWhnZCKNwWQdq9cw0A4Wi6RSn7DD4cScfc64F8jr3wnPRIJYtFaPuY1oi0CgqUCTZC1yLcarN3UGCdM26tp7gxHgLz5KE8JrylthPxw==","[""FdNA1IqzCs3GKKD+SbjDOAlURaqYAZ7TXN+KJsjbtZ8="",""G4HYLldFkB/L/fLMk9f8WqFgqBJziGp+WK14+YCV69g=""]","[""DJSy8IX1T8fK5mUNS+Xr/dxbCN2MtfaRuggChv+0Sy8="",""KriRFQfFyVngqstiC0dVmhcpPPrn65hH+FTr6GwayzE=""]","HtnnM9/NMUCqzXzKqOcH4Q9Tgr1mDj3dFamB/GU2FW8=",15
17,"2023-08-22 03:01:40.775","2023-08-22 03:01:40.775","","FKozciZ4OS2qYaHjbu9KwWhPjU9Tv/Wir3XtLnTg2psJXIx1ga0gORl6SubXAQtzN2Xn7AqHdb/TNKbkfbM6Gx2V7vj6nuMFfg2TbCwihjW+cNX5WiZcNY+f3t+hOz13LXJatUjvAMxX5YgGrKCX8/566zmCQO380p1bfywT+1Uml0WOaF5EJN+NlSUz8fzvDpyTQIK0cwhoN2NhH0W2SiAIxuixZcwL6Y6E0em4JHreZ8LWbojl3JQ0bEHV6KMoEP50BvNfmsOhZPV93mDfViU3u76nba3KQKoawVVFJtkvmgSJXIzmCqKPxkHkVq8ndig/etyiXivRR/uS6xwkBA==","[""G4HYLldFkB/L/fLMk9f8WqFgqBJziGp+WK14+YCV69g="",""FKst6G82OJRoBh8CghurR3+dxS7ewudq6IhR7zr6Xxw=""]","[""KriRFQfFyVngqstiC0dVmhcpPPrn65hH+FTr6GwayzE="",""BTTinkrJPqIkcz/nqh3/uyjEw+mOAkdmFxYni0h1Ts0=""]","JKBSZBqf1vQH018qnvgRyO+id2eRNaw+x3IAwM8TaPo=",16
18,"2023-08-22 03:01:44.166","2023-08-22 03:01:44.166","","BlRpEbPA7G9e4vHOENMHSdx+Yii97LymQYLcuAm/9kImCKxGB7aNSYEM11ezk5ZXePPseZa4ECVg67DxssoXGwwt9Se7XOHKBMUiD1hupUFiGJnCNB/EqdyXIHpF5wqyLv1BCY71J0DNBOX42iC5DWr5QfGAfGCvSAINiAsn2mMp5A7u26fISByA08Ym75S0ihJ1FcIWvw36YNzrRmj9yBguz2d2FfcVXJR5VaPz20KqvQt7odNzihFrHMMEe52vFEK0444MF0P9bjeHmlJI/E8d+jmVWTkfOXkawGpw3YAjSTltP3T64zkAEL2fMbGhz7TXsHeUas98nwspyD+A9g==","[""FKst6G82OJRoBh8CghurR3+dxS7ewudq6IhR7zr6Xxw="",""DedzfcR4ZOimvu8JDysA/NGssHJR/GsN6knQJ4tr9s8=""]","[""BTTinkrJPqIkcz/nqh3/uyjEw+mOAkdmFxYni0h1Ts0="",""IZuBdmN0OQEyllPGzAtoDX9GRbHwVCzTzIIsjFp3xxM=""]","HMjPtYLQ3X0IHW4dgXEpHwhXKmLg0a7A8jTklCcY6ng=",17
19,"2023-08-22 03:01:47.733","2023-08-22 03:01:47.733","","BfloYl0J2dw4DqUf2rtxmUnk/mrZKsLbQqz8843UblgwDrQRoThGWwpoUvwZy5GCHIxI2f46bj4Tp2NBWNRfOSFmWKsuKRCzgSBDKeuhed2uS6N3S1SmWMm8qrnRS36aHJPHoNU4fGW+Cf+rYw8zTm2iCNMKPwK23LPSD+q7KTID6QrZTxlOOhFb+mbFZBsqnVdeJJUt0nu4sEPchJmsvRHdctUUy0F20IqfK7LzqMEz1XA2K0Bai5BU8he30G9TBJHOrIkhG3AjFihGX4a+GgCNSM4DvfSRsw8pyYalAPYSpzGsje5hntaFxcWxggoAvwZlzd3QLSdQ4Qxy8/A9gg==","[""DedzfcR4ZOimvu8JDysA/NGssHJR/GsN6knQJ4tr9s8="",""CZl0HjDfwjKWZv2b+Y1vtA6FYtfXy6zg4XTR9hDzckM=""]","[""IZuBdmN0OQEyllPGzAtoDX9GRbHwVCzTzIIsjFp3xxM="",""Ep5guN0CR/R2FE3R/Ynx96bHC0Xsv3ESZSYvqdi8r3c=""]","LT+n7Vhea5dWVaZkn7KZlPfrfwxnz7G4P7duVmpkb+Q=",18
20,"2023-08-22 03:01:51.142","2023-08-22 03:01:51.142","","CJzOjO/RAllccj9kyTtadxVnT5MlvhZDhhMjXYWr0xQJVG9xYpccXQFcOvOcSZKE3RPY9t9ifcgZXTM0sVZriQEthqQ0VOMrzXqT6Wz18cdVdVfedkNgRN+EYa1zRZ3BH1C/a6Jm92tWtW6SIKxvG/5i5QmbrtPjd4VhALZ4sB8FyUdJZcMY/IgFT60JBxQNHdyfipYT0DIFueJB/xsPDR5ICsmvY79LdMNLXpt+gT/xuzZxZStk5GF7YAWfH98yEktEsq1+Mc5dPYn5NzjD6i7p7YFRs8oObo3/ebgOzaMvwfhNsNO18uMw4EyTWLBjzGnF3YXZqwvPgdd9IxtzcQ==","[""CZl0HjDfwjKWZv2b+Y1vtA6FYtfXy6zg4XTR9hDzckM="",""LKsy8O8bgBzKLEm5mS/TbXMsiCOY3DmMGjQ/r730NKQ=""]","[""Ep5guN0CR/R2FE3R/Ynx96bHC0Xsv3ESZSYvqdi8r3c="",""HEN7Q/4Dbb/y6geKJVARQqprspLNCK825UrhUTHgS7M=""]","A8seZ49NawCO4IIefT/TJAze65MuqfdAj621nETbuQ8=",19
21,"2023-08-22 03:01:54.721","2023-08-22 03:01:54.721","","BfgTAeGNR5fG0BaLDv83Q6enNTmfnjWWi8WYbADYwvUkowdSJ5OMvu9Ia5GmQtQoYGp+FyrNSlZMYb8oT4e0CikyJH+ga2qrJAzh7bpZTe5YbZNkMW6k9tnddOzi1oOqMGLr6LSI24cb4nkql1yGx3PxoTJUKtPiN8tArgPpzn0jWM7tFprWE8Px3v8xSneAHSftg1pH6UUvlp0c+Xl+ZivIDJZN4AU2iPuY2z8rEZdJMUNuQaqbx1J9n7q3xjDPB1TOsDdL0Pn9uNfswAbAUE+KHWDRJnOiO1h7EWG7cF8XJO4JfoDBK3JebwS+9GNggBDwcrvKFbhUEfp32bNM5w==","[""LKsy8O8bgBzKLEm5mS/TbXMsiCOY3DmMGjQ/r730NKQ="",""Ento/Lj+Y/iiW7/a7GsiB/Qw1k1iKc8SGBDWS3PqQGQ=""]","[""HEN7Q/4Dbb/y6geKJVARQqprspLNCK825UrhUTHgS7M="",""LgiQKP4tGalHg56HGCqA+YwoXTxWYB3f7wxdVwsO46A=""]","IrD1VF2IO5jq+r/7GwD/RPekbq/tzZDFbDgbC1zIQR4=",20
22,"2023-08-22 03:01:58.536","2023-08-22 03:01:58.536","","FZ0Hf8WfflrZntEITspGchWnKfSeP0t00Gqb75JK1Y4HRfyYKb702h0bZwivKRIAzCaQowVY/tiLxeuQIF48bhCOWhebsqadEB7XWklXtElXHLkwmZqouzKc1QVm3bbGEmnosV+u6F7z8SM88L70mXcbDsEd0GAeeaUmZArCrYYuEE+SkcBs/vFQsQNkDjTVKa7Mosg479RFs6Ab1ogNgizeK3/PFdfijaE4iYiNwLlUPvyPPM7I7ZgMfFlKK8E9Eglbfx0sHno8kxCBpEmOnyAQ6ve7UE23bVPDNbKavj0lmpXnn7irlY6cLeC7xxfC9K6HJcEvb2YT3JRFrNiOtA==","[""Ento/Lj+Y/iiW7/a7GsiB/Qw1k1iKc8SGBDWS3PqQGQ="",""ItQwLkRW3uLksqDESaRbQOv7Nx7e0QwOaQfdgwqGseY=""]","[""LgiQKP4tGalHg56HGCqA+YwoXTxWYB3f7wxdVwsO46A="",""AcWLG/S8jB1q00+ZEpL5ZOB34m7mmfrBEvYSvGxg6IQ=""]","BRSZoX0H2/AcoQhel6PD2dTYJnd51xLB4dbFfsLrD0A=",21
23,"2023-08-22 03:02:01.927","2023-08-22 03:02:01.927","","Kr16yy6tu2vfR1S03BWSQWtMR5cdgcLEBj0jIWRNB5YQLaCA6IqIkmF9SE8vdSv6hun69Emmw0ws8mQHXLGPTCIIcncUY9H6PYWgrpDEZUFDww3F0OuJVqEZt5DX+ySJEFQxzUsTyJMQkAfK+63kIaJhyA97U5QAeE+IhQRKR3AgPKOLzIo4R1xysyK0AsQAhucMm06ASxv8Iq+3jYjTChPyoU5XJX04z9bRfSNcPFE099HqucpWdBTKk3VlXDEUEKdkxzjob4c4J2buZhonKuHf/HM2Sbl4nm5189KzYt4EJyWaR1KLw5LWPuesX42y8IOD4eErEIfxhkfVtGxRtw==","[""ItQwLkRW3uLksqDESaRbQOv7Nx7e0QwOaQfdgwqGseY="",""FwdeIWFirR9I4VzZJg/nWNudgRy5y0/Nx1XnYdsr/1w=""]","[""AcWLG/S8jB1q00+ZEpL5ZOB34m7mmfrBEvYSvGxg6IQ="",""GMFISGmHTexV48Gz8/2huASf3LB1HXioBJXQV82OY+U=""]","AvFz5g35zHDTDN5TacnLm53zuEEA4MCRK61b2Cb1SXI=",22
24,"2023-08-22 03:02:05.321","2023-08-22 03:02:05.321","","B84wygMeLYi88XHq4a/mQCnYbxkbFdeC54XDLikuoBMLUOXXNfY3cZFGMMpeX89wF6aJnWRXU4nrQ94s5zY0bwEzJCM/n3Pl+TfR9d+3Y58ABh5PZudALC8ZklsPoy8KLzuW8bwpY9EdAqQmlb4lEglAf05O8GHvqZDgZ9TQRPwP1T72mioAlxQRwwJGJSPstomil5Al9FnPdV00wtoeAxGIXF3ZD7L+LQZKM4fTvf50InXR8azpv13l1w808qIMCFTle+ihJMY+6+lY5x24LvNjoV05NrHDdDMExn2EsagH3uMUUn8RtW+LFjSwHSkmzQu1KgLEIqKU9dQ3oK3vDw==","[""FwdeIWFirR9I4VzZJg/nWNudgRy5y0/Nx1XnYdsr/1w="",""GTBCQqzn3rzIt/oT8eDjYiNXWWzaKr25pa5yytroA4E=""]","[""GMFISGmHTexV48Gz8/2huASf3LB1HXioBJXQV82OY+U="",""FfzMLyua1urb8vY7zDZTPhryuJrL3AiqccOt07ETtWA=""]","FlLDkfxiXDWetRC2SYh/PjZfGQtb1bVajrLZG77H2F4=",23
25,"2023-08-22 03:02:08.733","2023-08-22 03:02:08.733","","Ird+ksTDH0Vn5xPY27tCkG1sb/dogDNcMZHGRn5BdP8m6s3wxa3m2hOmVXOz/h8vi6LysuSfVHpy3P5dxIYhzhG6sGN0lWgKNCObCt6SkchFLBfE04WicA1fFIH8U22kA6FPylQcGKDZ1TFNe/8mKyzZJ//jY+uxTv7mY2TThEUmNDP3L4+7a2PMCR+63CFf7jvZA4WnaYj8xe/3R3z04hKkKdKmjbiapv/SxYAZZgeAIRf3ij6hJb81TdNu4CDmDFvgkOA6FmzuAkDlJQQB5ZDI2ZVshpwqB0bm+u7NxcQu2sxEwUuQLrpHqCWa7HDrPUbhUSt9sNi9I9v2V0Xlyw==","[""GTBCQqzn3rzIt/oT8eDjYiNXWWzaKr25pa5yytroA4E="",""IR8rBEyHLmJFuZTMaLV36btGWUwiMgx7y/5FQlDAjqA=""]","[""FfzMLyua1urb8vY7zDZTPhryuJrL3AiqccOt07ETtWA="",""JHYkGLzKPjI1HxVfIGgos0Tl3JMYxRG00YC6ybAdugo=""]","GMv1Z/eiSCpy2WhbV8LIDmxFtr4xYZmuZ2e6h58E+rI=",24
26,"2023-08-22 03:02:12.578","2023-08-22 03:02:12.578","","BaK5zieJ2NVJNUCi0xZTuT+LHBEaFFluUhQofjcLptIOfFlPOgCB+sxQYIdZVVd6Nk3ccBQeT6UxH5P5d22ozAFpiQ9fDOE7KMJjUOiDNAxR3bPVUDj5pbMVYi0mvRlbAktg5bgrsgjzGvwia2FvDc1TMPQSFKhWKtrHKZ1vwhgkx+WpZsqBhONdmigoTSAg1uXkANCQ2WULGx1bu5LPJxcfZrn6fH+nPT7ILNEZImiKjMKsioW9tQKIRb6Z3bjkBAFrDPC8yMdo24wV80HuI6JzlVDPtr6WETYzd0rTcLgfnscUZCnackKJUl7xcS386vcxpvdGLv8jfT1FdMH4bg==","[""IR8rBEyHLmJFuZTMaLV36btGWUwiMgx7y/5FQlDAjqA="",""CmOZYRzVqxUGxCfxritZ51WLolM5BposXmOpnHg29Y8=""]","[""JHYkGLzKPjI1HxVfIGgos0Tl3JMYxRG00YC6ybAdugo="",""A+BmR71xMj5ohnF+kWZPuRistYyZBUkxq3+3h1UdA6Y=""]","E83akgYXPwTtuiRNE+O1XOyZFPnmhA1BA3idtUCv0r0=",25
27,"2023-08-22 03:02:15.908","2023-08-22 03:02:15.908","","LaQ1KovmMmbm293ptqo9I65fbeUFxJu0rQz48SAMceAMu6+k9u9QX298FG/bLL99TyZsQRIfjy2VOdi8jw31qgDJ91OTYX4xlPJoB2DcJhz269HlH/WVD3w3xE5kym1vDnYBQXVZo9f7R1C1oYmt+WO9txjtHyihAUiorLJtaEENfAFp2fBCJGHp3niqW/1LIj+O40JOYRWmEHPBRF2jyRPrniwQNe4ueLSEEaHpyihO4T/Bqb/6tTYVfCLPP+vHIRZytc8pnQL8O9XNFg8Z3ksWigB5hsBaPZ40YGjxm90KR6lBCQty9LT/XCUmFHdZDGp9cUxbeKBE+TnvwOE8Gw==","[""CmOZYRzVqxUGxCfxritZ51WLolM5BposXmOpnHg29Y8="",""GnUM2eBVBu+bPTk5583JROAWDG43yvY4RwJl/Jz4RDc=""]","[""A+BmR71xMj5ohnF+kWZPuRistYyZBUkxq3+3h1UdA6Y="",""KLJ8hBBUPia4HWSBvzdr/QjJaFLIhQKmf+dupKDsmUs=""]","Fa00ztn25O4bRgDSTDvUIN+0mpu8weisHi8Qzjg6oRY=",26
28,"2023-08-22 03:02:19.416","2023-08-22 03:02:19.416","","IU+2vPzjPzFyCu3z0kx3Y+VLd+gcq1+73PbZeNBCIpUTNfK6QyQRm3RyGrjqEi4lUQicxuruYU+FWfG+VMNe4xaQC6L+fm9Vr9hHJpyM3dVPNZs2Vg6K2IiYDHdDTl2JHyWZvjvaHCdhUDrSShUF0E3FxLZtGUm4rjH0k2UVUHcuOjHKc1GyYCkezhtoCGPHx8ggSTKGXisvmHbTg0+lpCUJBmIomegWMqqnIw/x0vT6VVjBkqetYn37NtafLn7yGRhQ+irGfEX0NOb8M65cgMYqxG1m7JleTg1NXtCishwkIJtCDz/W17INXCEm6sQhornT+Dhjq2ztrvlU53yMNg==","[""GnUM2eBVBu+bPTk5583JROAWDG43yvY4RwJl/Jz4RDc="",""CUH3LnaAIhG+ZkMG0XSeynNh16HqzA/wE+boc58zgWY=""]","[""KLJ8hBBUPia4HWSBvzdr/QjJaFLIhQKmf+dupKDsmUs="",""B03N/7kmrzsaMpaB/zFQN6iKM6WTfH/2YL+07llqxnM=""]","DQKdzZus8AdTZWXqoLRBVKOy0mWryc7/La8Qfwg988A=",27
29,"2023-08-22 03:02:22.993","2023-08-22 03:02:22.993","","I+BbnRAD18TzItKfMLsIznQQTLWcGiS95Ej706jSFPoMQXyeCj7xZKwEkpGoCaRI+khpzgrJ4Ror9Y2vTSaq7RRCb0Fs9+FB4mDZ4pl4ILpEHuq7uLoKAWeL0+j/VelDKDUoWifjzalWrsJ3Vi1Mdsm6gryPpKooa5mIjQkx7P8c327Q6KmPJc9zNxyPco4GhklkDmG3eyX3nZjgdEmXVQ4VkiBUeDot7ITaS4tUvllJl5DEIvUwTXVxxIh1L58BEmHQWu/bfadmqzl/mZFYOuYDhLsLlNGQZ3MH8WmE40klfhrM3CW5/Pv8nl/FAjhx3GT5ult/iApU9Y9zIDkNtg==","[""CUH3LnaAIhG+ZkMG0XSeynNh16HqzA/wE+boc58zgWY="",""I1bpwrux8GQVyN57D61GMWZ5+YVnt32zACpzD4mXdiY=""]","[""B03N/7kmrzsaMpaB/zFQN6iKM6WTfH/2YL+07llqxnM="",""AUyIFso8AxxkUJiJcTV+sTvRuxavqaJ7wlMGHrd/lM4=""]","KOlL+0clR7XoDsqahCx/fAGY/5v+m2TccXGFNgiI0mc=",28
30,"2023-08-22 03:02:26.255","2023-08-22 03:02:26.255","","FsbdGvD2bAK4gFyqhW2L2/xh5kxQrS3wD573ZD+LTB8Iydl88rj2iNeMmQV+4HmL43i1LgJtSw9J3nAUdYqMjwgTqBSYuDo3vDtYoU/nsC7SNLzqBlKJkL+a3KijUXstEV5m+dFThpiAgVomnrHJaKT9tfOHWGYPRaytPmt+FS8KN8Q/uGcVagAy13RUNzdyP5OKZUAflCoyve+tztiubBZYxR5YkpAZoSes7LEoa1d/wl2EE8sts9WRNa3gj8VJE3FV/Ydjp4l4l2PIE2gbAdeP1bSMUXhlXXj2EO72zecbssZ2sCMV4KsCrUrQ5CW/p5Nk4c8zRnHnhJovJES3Gw==","[""I1bpwrux8GQVyN57D61GMWZ5+YVnt32zACpzD4mXdiY="",""E2jeZUfP0OTyX7e2DyI1nTlUpQzFQo+In2aFixdAEnE=""]","[""AUyIFso8AxxkUJiJcTV+sTvRuxavqaJ7wlMGHrd/lM4="",""CJvEAZ2UvSQgrM7+v/WoF7DA0lV/mKu4rDPuokjirnc=""]","LUBjgWmdfjGZ4XOT0UjcKz43yowiRFaXKpi2Prw8Eao=",29
31,"2023-08-22 03:02:29.685","2023-08-22 03:02:29.685","","EFyznqL4zZmJ2cIq5mq+w54y9jlP0iVfBtiudMvpvyQVjN+YxyL/MM29vfcYPOVS4VEpvqji5fC3qbZtEC/EUBgobkWL9ILcs4oxM2oR/YnJIE4iLk6Zbk0tzaWLbcIUBWKqjHTa4ZcebdtwjG0JPhIfyAYt4ioT6Jh6fww6/5Qr6FW1j02OUc1blSfmRQUFHwYeklDBEag0uNVu4Gs4iy//fqC004nZ/8xIgAiHKIrWbskNrRcF5kQk7f1oOmDOD2xh5cYEgYOXHvap8UJi9aOM1kS2AcHCgipXeL3c/BgqCNLkUK3ZJOJsDwJfvBOvsplTq5httbhAEd7FRdipvw==","[""E2jeZUfP0OTyX7e2DyI1nTlUpQzFQo+In2aFixdAEnE="",""IOa/gttwetN3gT/RyX/4gOlVId2eL8ZosqB5w3FdP/E=""]","[""CJvEAZ2UvSQgrM7+v/WoF7DA0lV/mKu4rDPuokjirnc="",""IeIkmutZe7vHdvkqVm1M1+YQGNechXokfVdO4YyALCo=""]","J5yCZHlDHbWZSnliStYwRqjHtc7j0pRTNq8wLOvVuS4=",30
32,"2023-08-22 03:02:33.170","2023-08-22 03:02:33.170","","LdoHaXiBK5WApG02vzDNJzi7cdvJr7wIjuAvzWoZuOcSoQGNGJhL5WOc2YADSo5c5+/TmJL6qy9lrM4UU86qVBz6bXtmaZKEp4FKUcbJANicJmoxZSJTHrYpQ9+2Yuy/JJb8XEsoEkYtqTuO6pIxuBTu3R9NMe4ENAoFF8NoiHEH8V7uUGtN9i+2dJgbwFKIHxqpt2kJJM8XUEK4+vJ2lxvRtg/FuhVjm6IEwae+dDCnAIqd0UUTLXLI8edQ1QwYJGv4K7a2US06CHpbL9nhEfC3f+i3HWYdOeb5iqeeD+kp1JJC4qYubS5Pn1qwI1ALbbPxtVRrCi9zBh9lbD0h6A==","[""IOa/gttwetN3gT/RyX/4gOlVId2eL8ZosqB5w3FdP/E="",""Fu1/Uiz1r1/f9Yz5pgGKEq6Wu5IAksFbnKsxwc6Bgy8=""]","[""IeIkmutZe7vHdvkqVm1M1+YQGNechXokfVdO4YyALCo="",""E9REzvW0DbG3pwIbIkQj+AbOy+7M137JoFo6qItUsGs=""]","Cn/AfCzQrM4ZiyJjZMXvCJ82hIH2HJz0Kz46+xXCCu4=",31
33,"2023-08-22 03:02:37.087","2023-08-22 03:02:37.087","","Alc7k3EUEgL+L40VH59l1V5EPAlZ7xhQmyGtrcFf5X4BMqrWYaOHq/qgeiwwu98FWca1nrLcD18KlDvI4rW2hhvmFWtK0LObYANfahjvXPq/U2XjlWdvyG/XykuMpMRkLSaXQSXK2rq1/GoVUc4axh8EWAdr6gKEkIb4oxOcw8Ev5OzHdyH2lddMFpXh9lX6qgwctHzG2jv6g3/SNBVMDBiaUN3GUQTPgc6yBzy6zC9uTyv/fkO82Du3AJR7SRZEFRe+ygliQQ2qqZ+RQpBg4Gs6mG19/3d/4ZsaPtfiHGsndf3USp4frsn5RAD94eKt8gnm5mzHCG3vpZnoGoAaPw==","[""Fu1/Uiz1r1/f9Yz5pgGKEq6Wu5IAksFbnKsxwc6Bgy8="",""GvJL/DP+sjrOaWj5anT2bOnUyqJQAYLZlRbWFDlUmEQ=""]","[""E9REzvW0DbG3pwIbIkQj+AbOy+7M137JoFo6qItUsGs="",""EPzVtKyl/4ihKtvX3hI95GozOPdWfIRtVoNoDzDt/7U=""]","IonBBLTK3Mo77GtSFOxVCBC4DHAe+5CVQ0B2R06AIiw=",32
34,"2023-08-22 03:02:40.487","2023-08-22 03:02:40.487","","G9X3JbzTyyr23Qj3rJQM+2WUqUxnALDeWDMDUA4bx/UD/EAu3lirdrq+lhGA3pXs29hG6p1eA/O/BVWlX2ZkkxzGa1+a2/AOqbWLeAHvhCk2nZsBbAIPLLZHPSuKIAKqJzyBe1TIUv+MCJ1UOrLMYqUKV0TsqR6qYEXFCQ6AqX8V7H2FERiCy3z0+QdsnHSDQizKb/OSSZzhLxUB/Ei0shI6viWKqVZsyzysU9kokCvKBoyeCmJMuKw0FjI17s2mCHDc3a+thyLloALQyvNcHUeYdkwOhIoRRZoWaFQkDWAt7ftVoIqWZrxnkChv1Ka/1R/FtgJ4Tj4KwJlhcXSzsA==","[""GvJL/DP+sjrOaWj5anT2bOnUyqJQAYLZlRbWFDlUmEQ="",""Jhjlif+AhF/ousBCDZJDjw9U1Jgp2DptPRCbK4HJq8Y=""]","[""EPzVtKyl/4ihKtvX3hI95GozOPdWfIRtVoNoDzDt/7U="",""HoCnqtbl5VItTnoT53bc4N0R55xDFg2iJcn+Pt8SDpY=""]","DCrDFOhSNx3ppjtlVq3wRQH2iC42WtRQ6KnjRE7RlRw=",33
35,"2023-08-22 03:02:43.965","2023-08-22 03:02:43.965","","FqJjwnZDlNA2Pl+ErnoJJWiUwqeCfVNoj/QpWB6LsisExjTr915FiSEq4MNDTsN52usOt8wrWJ78u0f/wPipbRxK9wna8BJc5r1ou8ezr7/UBJHha99UUNfeNLb6OKxMJYCvcCrHkhUSoffoVhpPhU3dhupigm8lsupXGMO9NsYpuGtMZ0kUU8s6mlxr+1fOGsj6nyoL09AVNPX4RpEoUAgjwhzXZpLHovO8peMawMnFrMLcGcIXRY5m7jxjQ0szFYmxk+3J26bQnCme6VyOWQfkQmz/prMFFoB/EVKtaNAHBiaPu1r627eaCXHR2CPq2iPkQmnolRxeWdi1Gu/4yQ==","[""Jhjlif+AhF/ousBCDZJDjw9U1Jgp2DptPRCbK4HJq8Y="",""JUd2beUlwm/FsVteb6tGh4C4bv7PlPxgJfFDo1BfCbU=""]","[""HoCnqtbl5VItTnoT53bc4N0R55xDFg2iJcn+Pt8SDpY="",""BJTbQkKa7mtOZr9Ptr2Vlr4XVSh5HgI8635t0xad5r0=""]","K8qz7aoKnfz62RZvQv60VosP2fGJwQc2jBNoKmnoL28=",34
36,"2023-08-22 03:02:47.513","2023-08-22 03:02:47.513","","G2CVtXv24aYbanBVcPKgNvdakV6SLrjmrhXLBkb5XdoKHCIydnqn0ztoNqXxHL3dLeghYXcqhVTgHhAbSx2AQhXDp+zXqCmeGH5IovYPlwieZbaxp71bgQsz6mkuJWshK79PGoq3BC1eqmwwwrTa1b55tjuNDvymufX2ffpI4WsgY4pgXV2554Y/eSpspNSUV6+0yvf/OkT5zCGTJgNTQSSN0Q+Q/hZaTk9uHAN53F8r2njnujznltSP5XNyntmhEb9B5NZcq6kiwJxM0F9/5tu1Kt7Mn94+YqH52BbgVVMBYvXS0O4OK7dvRVZfujmG6ILVHhPGytNn5J0Ucx+qCw==","[""JUd2beUlwm/FsVteb6tGh4C4bv7PlPxgJfFDo1BfCbU="",""DtS8v1ZrMWB52stUqh1IZegtTSNUOD9ib2xP14Wd3Jc=""]","[""BJTbQkKa7mtOZr9Ptr2Vlr4XVSh5HgI8635t0xad5r0="",""LBjIoVRZfa3/chbqZ2GgIDybX65pSR8nmIiiqafhTtk=""]","GFfPuGHY/o4dJGaCtoCGRd2491+smnarO23tUS9fmkY=",35
37,"2023-08-22 03:02:50.893","2023-08-22 03:02:50.893","","GqK62+Og4scBlv7CSU+vcQF6XNbxyQCJeXVVBQ18fGkSQBvTtqR3hzIkhcxEz4WeKhnbRaJeeEZu8SjW8jPhpg/fHayQ2WS5TpylSfehfm4fHnLKmw3irSGdJmzwmAnaDgt4c2ygCGokH8m1GJlSjGBo1tYHk9ZUgbzShvAvlWEohwUJerPo7rK9ZtpsJEYqfsNz2u/8XV9uTMGQUDbpoiib862VEs0fCkNPtMApBljgbCpi4+H22Y3JTXDZt19wBbosdhObbr+4LJsgmtnz/dBgITKvLrbGKh1/D1eCOZImMKj//F9kjNb/MdIcLH3PGVgZw5qE5/WX/c/v5HgFqA==","[""DtS8v1ZrMWB52stUqh1IZegtTSNUOD9ib2xP14Wd3Jc="",""Gbm1Rwf2Apx2wjmEftTZ1h/p5lC3ZXCIR4Sv09qsDQs=""]","[""LBjIoVRZfa3/chbqZ2GgIDybX65pSR8nmIiiqafhTtk="",""Cqi+Rlz/aQ3jzkLeFjLyKWvVy2uEt404dpJkPkG4LlY=""]","JkhfzI1mHkwo6yyR1kVDOv6sn/iQnIOW+eGBLmWyo+w=",36
38,"2023-08-22 03:02:55.167","2023-08-22 03:02:55.167","","BtD7RwEOEFc1MpiQru1rZ+m5OVo2U9K/eGMgCXBjA+AdBOP2cwUJcxGHduQ+kp60R/QJ45jGl8B8DFdA/U7ekB+zvX2FHZPvnLnMUrU2EXYLt74jt+yzBfxhX9qu5COKE8v9tfmEJ7S6tt5kPH5h92F73ahk61MNl1xcGfZbZRMRoLb9pcjXSsSSoccc+IKsZLhM/kBIy1dUXoCf0d3Yah2LX1YSvSLjTLlBzLSl7dHPfnMqUUvj6EYWSWbiLGN1F0zMTSMDHyq/o82czw01M4sObYd/wTusrJ1jyJHCKwUdPk+E7RoKoPs8O2r81qGAwbABQGeUWst2NqCHIyZbSw==","[""Gbm1Rwf2Apx2wjmEftTZ1h/p5lC3ZXCIR4Sv09qsDQs="",""F3BwueZ9h1zphIJw64O6xvcIhuDQWijnLviBRr80uRk=""]","[""Cqi+Rlz/aQ3jzkLeFjLyKWvVy2uEt404dpJkPkG4LlY="",""Kfu+WQbxOcrQprrEd/DZdOIBygd950RjivJH3LpuWWQ=""]","EZTZ3uQtcuotatQYWvvAqX+3M5FUAav0Q7H36gpRS+M=",37
39,"2023-08-22 03:02:58.753","2023-08-22 03:02:58.753","","Jc7K4Ools+gOWziPo9LP9uQNaXl6SbcUAwGdIn8Shu8QP4jiD9oWowR3Tqhr1Y+3Wyp6zZAFOgAk3nuUIoKnLRMLpkcyUXgv40PKnkj2ilxw/a5i3qNmSk5WjcMsxs+bINvSvg5AcNtWczBiI0IXDiCRo74biYdhAl9s2bHfj6UH2s6oGGL0CoXGRwrVMaiC8CbqJswi+Hcfp+zr/LBcWyxH5wTNpq/Uxl+33vQ2v4o+AXDh8yVw7nGXX4iMsF+8DLCrqc+zFaGE3haSVzvNr7orVpJCO2i6xz7VbO0N3nom7CxKrMPb3qwylEoJP+ZQzzHeqNTygMTH6uaT9KF1tQ==","[""F3BwueZ9h1zphIJw64O6xvcIhuDQWijnLviBRr80uRk="",""IYeJ9VISQxjN34zGpued2rEiwuCrID6bPlU2rFs2vBk=""]","[""Kfu+WQbxOcrQprrEd/DZdOIBygd950RjivJH3LpuWWQ="",""C6BJ9gENW3VWXWmUrG8KFg73JzsKtkKvLyT04dXc68s=""]","LNeriz58qj2QagSY1uMsfWnxZ5OubuVd8TVK/PCnqiE=",38
40,"2023-08-22 03:03:02.166","2023-08-22 03:03:02.166","","IdoWrQ5J61U0uCZT99Uye/nsbiUa/+vsmCeZRBIlxVwiQ7Tnncap0WNFWUZqqDKSt2u3daXaLgk/cdGB9fXu0QamRq18QSR7Oax+P2CmCZKuVIlcRrdAJA+jOTQD8UbWKx/pdiuPtXfCfx+9oQf+kRHq03xT+67me8rbgHSCJ9sBdMD/QZxSaA2KOHtNXPpOMLcNXdUrwlP2yJbgFxd2Dii7p6BMQAxCJU+F6xGQYY8KtpwxdGRDXAYTYiiJTyenGxA1dycIt1sZZlH8kyr3yjr1UbL5iPmcWT2XZkF3uQcsURY5yFXBm3jJr9aeM4BxcEQmAw9l1h/Ve2j3mBGx9g==","[""IYeJ9VISQxjN34zGpued2rEiwuCrID6bPlU2rFs2vBk="",""H2rIQVCNbBVrj+s2FpyiDznkw5SujwCqVJ3CQDLoWSg=""]","[""C6BJ9gENW3VWXWmUrG8KFg73JzsKtkKvLyT04dXc68s="",""AzmIw7PSpzw4uI3OwCU3wb7FKHx+aiCwHUlaSABq34o=""]","CtFMqIpaTwTRgDzXMnPjDMLrY5Tx960EX4QlBN5JTIY=",39
41,"2023-08-22 03:03:05.538","2023-08-22 03:03:05.538","","LdJc/I4pTFtaQYpiKfOnC7cukW2a7QTQ5mqjwn01UqIDIynimkWT9i8XoqwR643Cgj7sh1mIvrZW9/5TjDHMvRmbWkwfv5ckUsHHBMIviBI0x5JAujZFH1Suv1uEhWh7LmzJVbSePEsR0KRR/DZF6YP6gIklKRRzhsDkT/NMJPMCP7vXNfgcBVcNRQWFuQU7yIJgGUzs1/f5XOp3vrCntiEbTZAptJLVi7blaG1eqkQZsnvosWa70JGIC3hQBC48FHg69xsp6fUgMxaN+kjzAj0JSrcVFB32VIzzchXjptQsedh0lPlla0oC13aZOwEQVwhA2eVC4dccOgQZRFVOoQ==","[""H2rIQVCNbBVrj+s2FpyiDznkw5SujwCqVJ3CQDLoWSg="",""Lu4Ip3yJPKoVMEGdHtIgTpgmCHNSZ8xBGR8IQCfC4E4=""]","[""AzmIw7PSpzw4uI3OwCU3wb7FKHx+aiCwHUlaSABq34o="",""JpFnPpmRDB537ajms8KKqOlqZsKELQj2rfHcj3bD9G4=""]","BeIgRhPdktI9Du/BTA3nVqIZTTZijnJeEqPN5zs7If4=",40
42,"2023-08-22 03:03:09.237","2023-08-22 03:03:09.237","","GMfNgcZ5UMzPuYMUSI2syYcb5rF5JP2Zrho1FhkAVxwCELd8+1CUyE2lmB7UiGWQ9MzIqNnxV/AkXN1IuBNe4Q+Nuy5i86lbPxqMc4iRff8CxQKYQXBgZHUBfUSvV74OLGUOxa16WqzhC0KujqYqDdTZlL/DlndaD79iM2rwzqcKuEhmqEjXCKvPTttn5P3QjgBwMicLvX2xlQNbhGcoyR3NvnSoL12Rzmb7wq6MGKYlgRKSScDSqkdTTghcrDsoIAgHlZ4VsQ68UZn8qD1aHQn6QcQ6bn+rafUDHkpmEBMO1bS1e9Eb4E6mYH1gNEAOmEztn1g3Ec7/Lehya+t+bA==","[""Lu4Ip3yJPKoVMEGdHtIgTpgmCHNSZ8xBGR8IQCfC4E4="",""Kwq9FDc4FDKsyc1d2Xc3ssjmLFDZ2MQubzeA0EfX3z4=""]","[""JpFnPpmRDB537ajms8KKqOlqZsKELQj2rfHcj3bD9G4="",""CH3tWzQ37UW9UisQzIQoC4hVm5LEW4gxApeUR8wskMQ=""]","K/GlPy5b/Uxn1dZyr0WHCicsitHhwTQroyGiLfPVeoo=",41
