1,2023-07-31 17:43:46.736,2023-07-31 17:43:46.736,\N,BDBbwY2RzxcBdqJ8asdXvh/E4hSDDq97t4jvUtaQEgQXplvEwGnP/yC3Ga6DMV3RlXAD++e7tAvsfZ+i3CphKQv9fkewbnSMzReCXWOkrEpt8yj7+MjQ0eOv2Yo3bWwVIbdNJkmvjMPO5MTOMhIY5gPym00zGNYvE42H7Bkzyp8mfYsOj6MZnxoM7cAA8OK/euHUkbI9N17XzZ6iRszLPBPmqtWpySrtLylB8LLt0szWy+LsbIO02a7Uhelf1waCFRsrXs/a6LOTMgViEspszgYDmVrARIOde209HCgzfrgp1gGsVWiO33H/W/BfjGa3+j+0LwSXHWDfxjdkcisV2g==,["EfQalDU2knHHfyGhpgAmq+Zekcgf1XOEq9LatiVb5M8="\,"ByDyKwa1+lpkiwGwTR2/q4R3EBVH42lm8BnkOnWayS4="],["Lq3n7B3Bs7ILnDLG17szIf9O0OdotsWpSLwejnJVcLY="\,"CQqd9+hRYHx402CXCPNidyocHP72npOPSgluLLyEU00="],JOGZWbnAtxMOuEo6gmrVgekf7pk1Cr2pr8rAoZnRfwQ=,0
2,2023-07-31 17:45:37.312,2023-07-31 17:45:37.312,\N,AlfowmUUAtHxfN4tV4r3Dgh4QvGUhNmauNKUOeR3b9gd4l0Shm0Loct/EHn1ZKWM5tOkRav2Iy5/pKUlM72ixwId388tzwXQa03wkCrutzkT3Dj+Y+AqN0X11+KztnwLAEOMQCMujvWBHiiIncWSHlNTVxDCEM6PIjIvmp3eYpEntFaANUcpM6nNUpMe0ObIylo0q1tGyRSfO411tEFOUCqcJsQLBFB2IjFC1gIcwOv30O20rDvTMr2t8BZHG6haGQY/cTPHBjLZtGgZrw3TDQ/5kxQFusQ6w1tLw7qnEKUvlT4Uxfzom1ieeC+xo9Vs7c/LHois2+wji22ipt8/kg==,["ByDyKwa1+lpkiwGwTR2/q4R3EBVH42lm8BnkOnWayS4="\,"KxM1vho6vmbGK9CK2OtVl4Fp4e6v3PNX2zOXldbzf/8="],["CQqd9+hRYHx402CXCPNidyocHP72npOPSgluLLyEU00="\,"Dht1B8vaIFjNdh1GbIyS8Bfv1rFxskVZeKg5eaLaWxM="],LqcdLKkoQ8H15Hlhgsf954anpB/mardxykI8dyivSy4=,1
3,2023-07-31 17:46:03.833,2023-07-31 17:46:03.833,\N,KXc+ocTF9ebTA+vf6Zd+u3bnyisaQduDvNCXeVv1kqIHYo0IBPTNWFu83tKqF8c/6ch7azpKAyQWfLlT66cjrgEyQGDxgU5c8rH4jGY0PgMcLib61FdXns1NGflvgytwIzK1xjBAx9zhYpr+U8CEzuI3U9jUqyVBXotaB20ST1AiHJKcDKRBO4+DLL3hTfC897wyobvYy8ydJke2zQrzigKlA0irhpPYuPIjpGeGrdxFiJujHbO6opSf2pggh9UYEHLBZZoZO0869YtJvJRQjCVgqNm/VKweoFsKp7WN864fyJ2T8hFvK7A9DqSrMQ2ybvthn8HOFaTVYczy6z8rGg==,["KxM1vho6vmbGK9CK2OtVl4Fp4e6v3PNX2zOXldbzf/8="\,"HypzpazTLjKhSEkBuzzbiM51i0ZmhrJJWGgFJHheXzE="],["Dht1B8vaIFjNdh1GbIyS8Bfv1rFxskVZeKg5eaLaWxM="\,"LIw7h7Y0GO6baQD/VwjdhBQ/Kx2QpLdmBNWYgxVKEqA="],BbVbwHwmJt0UQPenYHNpcbQPcJiXUDodWNrH+8yTGAA=,2
4,2023-07-31 17:46:43.526,2023-07-31 17:46:43.526,\N,GY3/IFMEtROZ7yN44DzXjxtfJphC09oHN+KL9lEb34shOuPdIjeHnwHdN2Cema6Hp5JZk9KorGAj1huYkxKwyR4gyvm8H4cQ/7hLeCp9bNFa16D/fJ3OqKfVvNslDKkPBU4+kcuPJr7kQc9rn2CnwFmOSciHG3SttLV0EbPMh50jZULTcn5RYFg4MnR7jmqNqja6kB68R+737fjWmTl36QVJawyCyEFxcnHHQmdCj1jFCRdfCzhjtByrlfwkt/L2EMMKQggCENyHoXn9UbhD+Y+nYfxp5IV0HSKfpdvdyqsCydSEeWIZwULQ7/Ou0fSN84n6yXs6HBcgdsBE1ND2IA==,["HypzpazTLjKhSEkBuzzbiM51i0ZmhrJJWGgFJHheXzE="\,"D41u7gO/69nxSLEn4JCX+Apz9yxvXXG3MDEy2qLS/Xk="],["LIw7h7Y0GO6baQD/VwjdhBQ/Kx2QpLdmBNWYgxVKEqA="\,"FRmnw/DavGVPyeFNAqX/BzvSak+23+nzSqDH37KSV1A="],FAS/QcaaFQAL4ZosYTV9YTbNM4iMKDnb69oHyeDpbgs=,3
5,2023-07-31 17:47:05.255,2023-07-31 17:47:05.255,\N,AZhECZ0kwFCpyKIblrh/+/aekr9a00387M8pgd52iBAWshbZ1ZPqr5VFUu4e9Tm97NH+iwdDpuXN0pMzpm+4yA2Svl3hGjOmBixrvar65+Mj6aVphw8PWjCwg9oFPeO4G04lOcOzaCwas5ulEIAR7eMQJtPok9sXlF1hsb9SVq8TodtJR9LMhcSkaTFGyfaj5lhHVRogwStf1DT5AZGxqhDYRSFuM/tpp37UiWP1Ezq1ZXT3ra4qA5B79Ekw2Bz2Hu9jzPG9MlZFNiClmvHYWQHd/glOl4qbBXO6f8GDysAOfsdigsEd41wfaJ8rjQnpfpLDL58a3sw0nFIFv/kEpw==,["D41u7gO/69nxSLEn4JCX+Apz9yxvXXG3MDEy2qLS/Xk="\,"FF3+NLVd083ctpIQLcpow3yJRd1aTsfrjiqfoYyEYiQ="],["FRmnw/DavGVPyeFNAqX/BzvSak+23+nzSqDH37KSV1A="\,"BHXTh1tMsLsmeIfS14Z2wrCM7XUnbHLKCNWx2CLcIck="],IgNPLki4kwqyPvmGK2nFH/lxNKyC77Op9Lt+1QXK+U0=,4
6,2023-07-31 17:47:20.793,2023-07-31 17:47:20.793,\N,JfU7sV7Q2d15Ccq1FTd1j5Sd9P84YawmtD7FZ8PocE4SRcfcE03duvbCp0IWtusxyY1FzB9OuM9mt3qn1ca5KhvfABPrIx+puZbKBM068fq36H3bqicannMsbAPpwj+UIZvzJ5MKbNGYOj9yBpvreZyXLG/5FQ4zcqLFMbBkjVEV+X/ZRgVmguxfzRvrIsAFzhBhWornYbTvERMZBmMfVRyZTZ3GuFTG/jthEIztIF67H6qpUgNWr5BOU3/FJPaaFHSmmhaOD++nPD+DXfWnthm6ilKwspzwb1kro+/Nbwwd/GmTRlZrKONv/S1Fr3JqM+P9MMwHzNTEfsasx7FG+Q==,["FF3+NLVd083ctpIQLcpow3yJRd1aTsfrjiqfoYyEYiQ="\,"BF8k5SvXW7Qh8DedASr2GecjXSJiLhix6jMcwSYAlFo="],["BHXTh1tMsLsmeIfS14Z2wrCM7XUnbHLKCNWx2CLcIck="\,"DqWgtWldUCN/LU9oIS9qqLthdUG1TRvnjuhUOSQrdVc="],CcUnsj+e43fbnC3oq2fgFLV3zB3qHzCuAepyzXUkD08=,5
7,2023-07-31 17:47:45.889,2023-07-31 17:47:45.889,\N,BFZS4S8zIEeAWiOMjtJ5/9HpGHAkiKEV2BISJ41wPnsJRNzRYu2Xzp8vRs5a/gBhpvja4usUCBCvNeX9Rc1ykwH2KUzbGGRfQW0GnsjLzZh7M0MVOj7dlD8Ao7NsohWkAjoOG2QCplXIZnMCYivdFHGFMBHgGjueS/PksD5DJDsRh/9ZDlhOLXfJMt0ZEuCqfO2zvd5MHehTE7asESYikylJLnJvBx87j4autIKJq1OTecY3pIRArMR6lxwuN04zCGp5jmOPqmd4aCexISx41TrSp521BUEbP41wZOZYITUgxlBkMGGpgUNDJ/7p5bmemGR0U1rsd7R/4VtRsCAYqA==,["BF8k5SvXW7Qh8DedASr2GecjXSJiLhix6jMcwSYAlFo="\,"A8WJpm17lxrjPSXKTxJzThb14Ezmq332EobUjo+bo9Q="],["DqWgtWldUCN/LU9oIS9qqLthdUG1TRvnjuhUOSQrdVc="\,"CdUuLHNVLly5LJ91JF2z3WTiFWjVsUiO2Aw594fE7YE="],EwRjmOnlaXePCHF/BvXw/9/q/UgI0OxigxYuhKeRXA0=,6
8,2023-07-31 17:47:59.479,2023-07-31 17:47:59.479,\N,JWjAQOkt17Y+1+Nbza7NnFl+lZDxTum7lVT+cUAxuc0unjo9SnWOoZT10ngwxx+S/o9wSrmSRHNZDfu8Flp9PSLNij7fsdi39nWHKAyyHtOmdwJugE+Pom/N1wrbVQQECXBWsRnH4GBTuEHgdoeWwAprHpXTeCRUp6GOQZuvL5kRU4nTGDf6LDO+tnGz9vSq+KpboKv3gmBkjiJjSXVFoBrBfyc5xZp2IQz7U1nGy6kGYaM1gMZkY9hjZdM/F8yDGBYAKyecLkyb4+TLlWOsdjtuZs6DwUlCBLoIM4wdDJ0LcKmaXlk1OmUN/QS2yPxm3PyGSADXfwpX3Ys6F5EcMg==,["A8WJpm17lxrjPSXKTxJzThb14Ezmq332EobUjo+bo9Q="\,"AaIBpv57GKKOd3spFiCo2AgjDf7G+nmfXNVQL7XuCJU="],["CdUuLHNVLly5LJ91JF2z3WTiFWjVsUiO2Aw594fE7YE="\,"Ar1h5Taa+F65s3PrGIFV9pru3GskL9GYCACJ8N/aECc="],EngDfdNb6Reyq8Q4DjW7VqSOAaW3Pp5+Ak7ke62PZUs=,7
9,2023-07-31 17:48:09.725,2023-07-31 17:48:09.725,\N,AKSUWni8MGufZwOTnF7ngg0DYXhg+VWvJ63G6sF1SjosIMmSRRYv391ynwY9NgieaByWn6t/zW3gGoycdqE+by3YPRpvJH/hIfi6r3QGTLhgW55FLzlSuI3vVgqQbz/pGRLf/AI8UZDzGs/beeH6s8DImo7q3FuM0KhV166MSFgAPxLWJq0KQNKZZOY7J+sBc1SJzvbqzt9TEUyHoFFWYi7viZMzEpkjxsQ5E9XXEuDC6OsDBa1rxlMGbVtMb1Y5HglgpUTydXkhhsQbi6RcolBYngwqcTfxikVUYYpDwaAfW34uV7lOapfafGcfogfZQ4sSxZPlLE2pbW0f+RrVLw==,["AaIBpv57GKKOd3spFiCo2AgjDf7G+nmfXNVQL7XuCJU="\,"KWUQVEStUpmKL6jO459dzYhJpsKVQHT0OyvrXuq7P7I="],["Ar1h5Taa+F65s3PrGIFV9pru3GskL9GYCACJ8N/aECc="\,"BwT2rokek1rjIZM6WTx79T6amLbqsrdnvbKlCfasTp4="],JWCniqglSbLJKJhSkD0JUf0C4EfsgQuTOvYzSZ3ZYaU=,8
10,2023-07-31 17:48:22.166,2023-07-31 17:48:22.166,\N,KqB9PD/EZI5MP26M7r4wGejp8HLFstEslOHRm9hXiKUBOWmoUScHeB4T0iRlMSvy7M5UrvKpR92janYGIDpHvh5OBtmt0gOw9gBinNemh4tQtDg+tlljvcnidSbb+oMzGSArSE2hGKjup6eIlwd5is70T6i+zpU0WDPD/U/YbZECuofbvZxURtwZrGIKSjQscOiDjTSKVdTaPj8TvQiDUSxRLgpilLUORWqtGOScBKQ2Lpk3Ld7YwmLWdp4dkxNpEb4MB9ECVcdU+b4U/tw2XrAPiJrUUAYRd1A36h3SySIfX+IwXpKJs7puKL2bkDJXd+W1yS6T/WNfMBr757S7/A==,["KWUQVEStUpmKL6jO459dzYhJpsKVQHT0OyvrXuq7P7I="\,"KkYYxLEY2jaSZoiUmhoLX2PuwtICQrfe61rFux2q0FE="],["BwT2rokek1rjIZM6WTx79T6amLbqsrdnvbKlCfasTp4="\,"DVskzeu8GoF3v8vwksLNqKzl42waIWtImoTzCxRIgys="],Jaw7hwSXWHINPQKLWnY5VWXwgS1WZ0z5p6sLc4XcriI=,9
11,2023-07-31 17:48:34.404,2023-07-31 17:48:34.404,\N,ErRG4lpUAZcSbR2Tf8p8abmQ0WFUSbwCHPIMAk9fwN0rBBNtFhHSRDZsRHJXVHuv+dtAfNowigtVOcmoPyvI/R14HUJZ4GvXN6haiBMFp82PDifq1rvt2ZHlPCADgWBTC5vQX/1Pex40aG+vZVKHYHL1hDl8DlmBE8HKiNIIqAkV2JxtI/Wm+WW4ofBOQKp9r0OozCV79FMA4+NQcst1QQVuqURpufT8OjT3KtxqboPJsBmyRSWYX+zmQemTJfXsFNXAj/eYDYpGCLYqjiJqLWUBKtHcMgf15iTcfbFzwEYVgWsAdTJlNAfU98GOUL/oqLZVmj+S6M09/CoHH/12sA==,["KkYYxLEY2jaSZoiUmhoLX2PuwtICQrfe61rFux2q0FE="\,"JOvL39LBh7OQJ/Rv4zkDrjuiPFFdvrSUDAu7ZkKKkNg="],["DVskzeu8GoF3v8vwksLNqKzl42waIWtImoTzCxRIgys="\,"Fub82kpadfoTNssK8YZ8F1MKNg6qiqWISDcqmQuAKss="],E9DQCslAzmZxE1+uLXNqq9c97/VJCO9VTg4BF6rRUlI=,10
12,2023-07-31 17:49:30.418,2023-07-31 17:49:30.418,\N,DJdjVS0941cuydvDhBj87H2Y4zHgH+HuZRmiMjiSVzMJpTKcWTu3ZB7Ouz5ZHTfjv5DSVPO3qwvlMaKNXugY6xGBRpYx2sM3Amr7hgtkn7fMXeZSm8zGfc4JPmsIg7PDDIDhFUAkvW7r3/54/6R/lJ9rSbs2SXgVL6Bsd6lNHJkr2Qay4RrmgngHj4AzOMBtRpPLJvoh0cS//ZKDT+9YHBODzBqvNCE3+oXbT3AZ9z5x75/N34QvsRT2c+Gr+3ZMGcec3/O9E4yWKectWY1BTthgwthGZcHaP1TMsnq0D1opgvESnVueFteeyEOukzd3Xr6cf8ixX1WCY6thf8pFDA==,["JOvL39LBh7OQJ/Rv4zkDrjuiPFFdvrSUDAu7ZkKKkNg="\,"K4cZ+UrkzJ8FtBCTAJ9YvphMvHQ/DLHbLLmnh/biTZs="],["Fub82kpadfoTNssK8YZ8F1MKNg6qiqWISDcqmQuAKss="\,"JMP/EBqvMpOYbAKmuo1L1UFxQyBkAllPZbPFZlJ/76A="],BR7qlzSZKui8HYYhbHNeK7fIUxxbJSIv3D227HQ/g0o=,11
13,2023-07-31 17:50:44.799,2023-07-31 17:50:44.799,\N,GpbApmSCtVTk6n/VQE1R+dhHFmogpYtIWiMb97urWDQnt19SNLfpDF9L0NEWDpKDsx7C7QdOfPWuJReVIDWMdwxovUghc56Zt4S7qGxmHPmK5x4EluWi5GYWEmoWNJMeDt7GdxA9e09cT+gA15VAvtip4vj582pkT0dG8PL4UbsSUCKtboyRttA4leu3rjOFmYMTeRvoUTRWASCSBtj4wwkcr5dt1MlMFb0NyEiW+vejQiQ1J3A3nKdVyxDdP+DqHGeIIeDuWlWJoNkde9umxebV9R7zWUrRYo3jnw18flApRUvJRaQoCngalxar0kkRC2C/s1K3jVoOcbaueOrLRQ==,["K4cZ+UrkzJ8FtBCTAJ9YvphMvHQ/DLHbLLmnh/biTZs="\,"AfOa8j4STb1yoJDvDroTVgF/es3dCnrR1T7waey8LE0="],["JMP/EBqvMpOYbAKmuo1L1UFxQyBkAllPZbPFZlJ/76A="\,"FW9aB2SI1Q+wXZ0L3CI6KBLufRGoCNrmH8c9rdAqcIw="],HNjeCu5wKm2Q8oFxOEl5Po2t9q0rlU6xoxHCA9WRsOA=,12
